Type;Niv;Demi;Type-Niv-Demi
T+;0;0;T+00_0
T+;99;9;T+99_9
T+;99;8;T+99_8
T+;99;7;T+99_7
T+;99;6;T+99_6
T+;99;5;T+99_5
T+;99;4;T+99_4
T+;99;3;T+99_3
T+;99;2;T+99_2
T+;99;1;T+99_1
T+;99;0;T+99_0
T+;98;9;T+98_9
T+;98;8;T+98_8
T+;98;7;T+98_7
T+;98;6;T+98_6
T+;98;5;T+98_5
T+;98;4;T+98_4
T+;98;3;T+98_3
T+;98;2;T+98_2
T+;98;1;T+98_1
T+;98;0;T+98_0
T+;97;9;T+97_9
T+;97;8;T+97_8
T+;97;7;T+97_7
T+;97;6;T+97_6
T+;97;5;T+97_5
T+;97;4;T+97_4
T+;97;3;T+97_3
T+;97;2;T+97_2
T+;97;1;T+97_1
T+;97;0;T+97_0
T+;96;9;T+96_9
T+;96;8;T+96_8
T+;96;7;T+96_7
T+;96;6;T+96_6
T+;96;5;T+96_5
T+;96;4;T+96_4
T+;96;3;T+96_3
T+;96;2;T+96_2
T+;96;1;T+96_1
T+;96;0;T+96_0
T+;95;9;T+95_9
T+;95;8;T+95_8
T+;95;7;T+95_7
T+;95;6;T+95_6
T+;95;5;T+95_5
T+;95;4;T+95_4
T+;95;3;T+95_3
T+;95;2;T+95_2
T+;95;1;T+95_1
T+;95;0;T+95_0
T+;94;9;T+94_9
T+;94;8;T+94_8
T+;94;7;T+94_7
T+;94;6;T+94_6
T+;94;5;T+94_5
T+;94;4;T+94_4
T+;94;3;T+94_3
T+;94;2;T+94_2
T+;94;1;T+94_1
T+;94;0;T+94_0
T+;93;9;T+93_9
T+;93;8;T+93_8
T+;93;7;T+93_7
T+;93;6;T+93_6
T+;93;5;T+93_5
T+;93;4;T+93_4
T+;93;3;T+93_3
T+;93;2;T+93_2
T+;93;1;T+93_1
T+;93;0;T+93_0
T+;92;9;T+92_9
T+;92;8;T+92_8
T+;92;7;T+92_7
T+;92;6;T+92_6
T+;92;5;T+92_5
T+;92;4;T+92_4
T+;92;3;T+92_3
T+;92;2;T+92_2
T+;92;1;T+92_1
T+;92;0;T+92_0
T+;91;9;T+91_9
T+;91;8;T+91_8
T+;91;7;T+91_7
T+;91;6;T+91_6
T+;91;5;T+91_5
T+;91;4;T+91_4
T+;91;3;T+91_3
T+;91;2;T+91_2
T+;91;1;T+91_1
T+;91;0;T+91_0
T+;90;9;T+90_9
T+;90;8;T+90_8
T+;90;7;T+90_7
T+;90;6;T+90_6
T+;90;5;T+90_5
T+;90;4;T+90_4
T+;90;3;T+90_3
T+;90;2;T+90_2
T+;90;1;T+90_1
T+;90;0;T+90_0
T+;89;9;T+89_9
T+;89;8;T+89_8
T+;89;7;T+89_7
T+;89;6;T+89_6
T+;89;5;T+89_5
T+;89;4;T+89_4
T+;89;3;T+89_3
T+;89;2;T+89_2
T+;89;1;T+89_1
T+;89;0;T+89_0
T+;88;9;T+88_9
T+;88;8;T+88_8
T+;88;7;T+88_7
T+;88;6;T+88_6
T+;88;5;T+88_5
T+;88;4;T+88_4
T+;88;3;T+88_3
T+;88;2;T+88_2
T+;88;1;T+88_1
T+;88;0;T+88_0
T+;87;9;T+87_9
T+;87;8;T+87_8
T+;87;7;T+87_7
T+;87;6;T+87_6
T+;87;5;T+87_5
T+;87;4;T+87_4
T+;87;3;T+87_3
T+;87;2;T+87_2
T+;87;1;T+87_1
T+;87;0;T+87_0
T+;86;9;T+86_9
T+;86;8;T+86_8
T+;86;7;T+86_7
T+;86;6;T+86_6
T+;86;5;T+86_5
T+;86;4;T+86_4
T+;86;3;T+86_3
T+;86;2;T+86_2
T+;86;1;T+86_1
T+;86;0;T+86_0
T+;85;9;T+85_9
T+;85;8;T+85_8
T+;85;7;T+85_7
T+;85;6;T+85_6
T+;85;5;T+85_5
T+;85;4;T+85_4
T+;85;3;T+85_3
T+;85;2;T+85_2
T+;85;1;T+85_1
T+;85;0;T+85_0
T+;84;9;T+84_9
T+;84;8;T+84_8
T+;84;7;T+84_7
T+;84;6;T+84_6
T+;84;5;T+84_5
T+;84;4;T+84_4
T+;84;3;T+84_3
T+;84;2;T+84_2
T+;84;1;T+84_1
T+;84;0;T+84_0
T+;83;9;T+83_9
T+;83;8;T+83_8
T+;83;7;T+83_7
T+;83;6;T+83_6
T+;83;5;T+83_5
T+;83;4;T+83_4
T+;83;3;T+83_3
T+;83;2;T+83_2
T+;83;1;T+83_1
T+;83;0;T+83_0
T+;82;9;T+82_9
T+;82;8;T+82_8
T+;82;7;T+82_7
T+;82;6;T+82_6
T+;82;5;T+82_5
T+;82;4;T+82_4
T+;82;3;T+82_3
T+;82;2;T+82_2
T+;82;1;T+82_1
T+;82;0;T+82_0
T+;81;9;T+81_9
T+;81;8;T+81_8
T+;81;7;T+81_7
T+;81;6;T+81_6
T+;81;5;T+81_5
T+;81;4;T+81_4
T+;81;3;T+81_3
T+;81;2;T+81_2
T+;81;1;T+81_1
T+;81;0;T+81_0
T+;80;9;T+80_9
T+;80;8;T+80_8
T+;80;7;T+80_7
T+;80;6;T+80_6
T+;80;5;T+80_5
T+;80;4;T+80_4
T+;80;3;T+80_3
T+;80;2;T+80_2
T+;80;1;T+80_1
T+;80;0;T+80_0
T+;79;9;T+79_9
T+;79;8;T+79_8
T+;79;7;T+79_7
T+;79;6;T+79_6
T+;79;5;T+79_5
T+;79;4;T+79_4
T+;79;3;T+79_3
T+;79;2;T+79_2
T+;79;1;T+79_1
T+;79;0;T+79_0
T+;78;9;T+78_9
T+;78;8;T+78_8
T+;78;7;T+78_7
T+;78;6;T+78_6
T+;78;5;T+78_5
T+;78;4;T+78_4
T+;78;3;T+78_3
T+;78;2;T+78_2
T+;78;1;T+78_1
T+;78;0;T+78_0
T+;77;9;T+77_9
T+;77;8;T+77_8
T+;77;7;T+77_7
T+;77;6;T+77_6
T+;77;5;T+77_5
T+;77;4;T+77_4
T+;77;3;T+77_3
T+;77;2;T+77_2
T+;77;1;T+77_1
T+;77;0;T+77_0
T+;76;9;T+76_9
T+;76;8;T+76_8
T+;76;7;T+76_7
T+;76;6;T+76_6
T+;76;5;T+76_5
T+;76;4;T+76_4
T+;76;3;T+76_3
T+;76;2;T+76_2
T+;76;1;T+76_1
T+;76;0;T+76_0
T+;75;9;T+75_9
T+;75;8;T+75_8
T+;75;7;T+75_7
T+;75;6;T+75_6
T+;75;5;T+75_5
T+;75;4;T+75_4
T+;75;3;T+75_3
T+;75;2;T+75_2
T+;75;1;T+75_1
T+;75;0;T+75_0
T+;74;9;T+74_9
T+;74;8;T+74_8
T+;74;7;T+74_7
T+;74;6;T+74_6
T+;74;5;T+74_5
T+;74;4;T+74_4
T+;74;3;T+74_3
T+;74;2;T+74_2
T+;74;1;T+74_1
T+;74;0;T+74_0
T+;73;9;T+73_9
T+;73;8;T+73_8
T+;73;7;T+73_7
T+;73;6;T+73_6
T+;73;5;T+73_5
T+;73;4;T+73_4
T+;73;3;T+73_3
T+;73;2;T+73_2
T+;73;1;T+73_1
T+;73;0;T+73_0
T+;72;9;T+72_9
T+;72;8;T+72_8
T+;72;7;T+72_7
T+;72;6;T+72_6
T+;72;5;T+72_5
T+;72;4;T+72_4
T+;72;3;T+72_3
T+;72;2;T+72_2
T+;72;1;T+72_1
T+;72;0;T+72_0
T+;71;9;T+71_9
T+;71;8;T+71_8
T+;71;7;T+71_7
T+;71;6;T+71_6
T+;71;5;T+71_5
T+;71;4;T+71_4
T+;71;3;T+71_3
T+;71;2;T+71_2
T+;71;1;T+71_1
T+;71;0;T+71_0
T+;70;9;T+70_9
T+;70;8;T+70_8
T+;70;7;T+70_7
T+;70;6;T+70_6
T+;70;5;T+70_5
T+;70;4;T+70_4
T+;70;3;T+70_3
T+;70;2;T+70_2
T+;70;1;T+70_1
T+;70;0;T+70_0
T+;69;9;T+69_9
T+;69;8;T+69_8
T+;69;7;T+69_7
T+;69;6;T+69_6
T+;69;5;T+69_5
T+;69;4;T+69_4
T+;69;3;T+69_3
T+;69;2;T+69_2
T+;69;1;T+69_1
T+;69;0;T+69_0
T+;68;9;T+68_9
T+;68;8;T+68_8
T+;68;7;T+68_7
T+;68;6;T+68_6
T+;68;5;T+68_5
T+;68;4;T+68_4
T+;68;3;T+68_3
T+;68;2;T+68_2
T+;68;1;T+68_1
T+;68;0;T+68_0
T+;67;9;T+67_9
T+;67;8;T+67_8
T+;67;7;T+67_7
T+;67;6;T+67_6
T+;67;5;T+67_5
T+;67;4;T+67_4
T+;67;3;T+67_3
T+;67;2;T+67_2
T+;67;1;T+67_1
T+;67;0;T+67_0
T+;66;9;T+66_9
T+;66;8;T+66_8
T+;66;7;T+66_7
T+;66;6;T+66_6
T+;66;5;T+66_5
T+;66;4;T+66_4
T+;66;3;T+66_3
T+;66;2;T+66_2
T+;66;1;T+66_1
T+;66;0;T+66_0
T+;65;9;T+65_9
T+;65;8;T+65_8
T+;65;7;T+65_7
T+;65;6;T+65_6
T+;65;5;T+65_5
T+;65;4;T+65_4
T+;65;3;T+65_3
T+;65;2;T+65_2
T+;65;1;T+65_1
T+;65;0;T+65_0
T+;64;9;T+64_9
T+;64;8;T+64_8
T+;64;7;T+64_7
T+;64;6;T+64_6
T+;64;5;T+64_5
T+;64;4;T+64_4
T+;64;3;T+64_3
T+;64;2;T+64_2
T+;64;1;T+64_1
T+;64;0;T+64_0
T+;63;9;T+63_9
T+;63;8;T+63_8
T+;63;7;T+63_7
T+;63;6;T+63_6
T+;63;5;T+63_5
T+;63;4;T+63_4
T+;63;3;T+63_3
T+;63;2;T+63_2
T+;63;1;T+63_1
T+;63;0;T+63_0
T+;62;9;T+62_9
T+;62;8;T+62_8
T+;62;7;T+62_7
T+;62;6;T+62_6
T+;62;5;T+62_5
T+;62;4;T+62_4
T+;62;3;T+62_3
T+;62;2;T+62_2
T+;62;1;T+62_1
T+;62;0;T+62_0
T+;61;9;T+61_9
T+;61;8;T+61_8
T+;61;7;T+61_7
T+;61;6;T+61_6
T+;61;5;T+61_5
T+;61;4;T+61_4
T+;61;3;T+61_3
T+;61;2;T+61_2
T+;61;1;T+61_1
T+;61;0;T+61_0
T+;60;9;T+60_9
T+;60;8;T+60_8
T+;60;7;T+60_7
T+;60;6;T+60_6
T+;60;5;T+60_5
T+;60;4;T+60_4
T+;60;3;T+60_3
T+;60;2;T+60_2
T+;60;1;T+60_1
T+;60;0;T+60_0
T+;59;9;T+59_9
T+;59;8;T+59_8
T+;59;7;T+59_7
T+;59;6;T+59_6
T+;59;5;T+59_5
T+;59;4;T+59_4
T+;59;3;T+59_3
T+;59;2;T+59_2
T+;59;1;T+59_1
T+;59;0;T+59_0
T+;58;9;T+58_9
T+;58;8;T+58_8
T+;58;7;T+58_7
T+;58;6;T+58_6
T+;58;5;T+58_5
T+;58;4;T+58_4
T+;58;3;T+58_3
T+;58;2;T+58_2
T+;58;1;T+58_1
T+;58;0;T+58_0
T+;57;9;T+57_9
T+;57;8;T+57_8
T+;57;7;T+57_7
T+;57;6;T+57_6
T+;57;5;T+57_5
T+;57;4;T+57_4
T+;57;3;T+57_3
T+;57;2;T+57_2
T+;57;1;T+57_1
T+;57;0;T+57_0
T+;56;9;T+56_9
T+;56;8;T+56_8
T+;56;7;T+56_7
T+;56;6;T+56_6
T+;56;5;T+56_5
T+;56;4;T+56_4
T+;56;3;T+56_3
T+;56;2;T+56_2
T+;56;1;T+56_1
T+;56;0;T+56_0
T+;55;9;T+55_9
T+;55;8;T+55_8
T+;55;7;T+55_7
T+;55;6;T+55_6
T+;55;5;T+55_5
T+;55;4;T+55_4
T+;55;3;T+55_3
T+;55;2;T+55_2
T+;55;1;T+55_1
T+;55;0;T+55_0
T+;54;9;T+54_9
T+;54;8;T+54_8
T+;54;7;T+54_7
T+;54;6;T+54_6
T+;54;5;T+54_5
T+;54;4;T+54_4
T+;54;3;T+54_3
T+;54;2;T+54_2
T+;54;1;T+54_1
T+;54;0;T+54_0
T+;53;9;T+53_9
T+;53;8;T+53_8
T+;53;7;T+53_7
T+;53;6;T+53_6
T+;53;5;T+53_5
T+;53;4;T+53_4
T+;53;3;T+53_3
T+;53;2;T+53_2
T+;53;1;T+53_1
T+;53;0;T+53_0
T+;52;9;T+52_9
T+;52;8;T+52_8
T+;52;7;T+52_7
T+;52;6;T+52_6
T+;52;5;T+52_5
T+;52;4;T+52_4
T+;52;3;T+52_3
T+;52;2;T+52_2
T+;52;1;T+52_1
T+;52;0;T+52_0
T+;51;9;T+51_9
T+;51;8;T+51_8
T+;51;7;T+51_7
T+;51;6;T+51_6
T+;51;5;T+51_5
T+;51;4;T+51_4
T+;51;3;T+51_3
T+;51;2;T+51_2
T+;51;1;T+51_1
T+;51;0;T+51_0
T+;50;9;T+50_9
T+;50;8;T+50_8
T+;50;7;T+50_7
T+;50;6;T+50_6
T+;50;5;T+50_5
T+;50;4;T+50_4
T+;50;3;T+50_3
T+;50;2;T+50_2
T+;50;1;T+50_1
T+;50;0;T+50_0
T+;49;9;T+49_9
T+;49;8;T+49_8
T+;49;7;T+49_7
T+;49;6;T+49_6
T+;49;5;T+49_5
T+;49;4;T+49_4
T+;49;3;T+49_3
T+;49;2;T+49_2
T+;49;1;T+49_1
T+;49;0;T+49_0
T+;48;9;T+48_9
T+;48;8;T+48_8
T+;48;7;T+48_7
T+;48;6;T+48_6
T+;48;5;T+48_5
T+;48;4;T+48_4
T+;48;3;T+48_3
T+;48;2;T+48_2
T+;48;1;T+48_1
T+;48;0;T+48_0
T+;47;9;T+47_9
T+;47;8;T+47_8
T+;47;7;T+47_7
T+;47;6;T+47_6
T+;47;5;T+47_5
T+;47;4;T+47_4
T+;47;3;T+47_3
T+;47;2;T+47_2
T+;47;1;T+47_1
T+;47;0;T+47_0
T+;46;9;T+46_9
T+;46;8;T+46_8
T+;46;7;T+46_7
T+;46;6;T+46_6
T+;46;5;T+46_5
T+;46;4;T+46_4
T+;46;3;T+46_3
T+;46;2;T+46_2
T+;46;1;T+46_1
T+;46;0;T+46_0
T+;45;9;T+45_9
T+;45;8;T+45_8
T+;45;7;T+45_7
T+;45;6;T+45_6
T+;45;5;T+45_5
T+;45;4;T+45_4
T+;45;3;T+45_3
T+;45;2;T+45_2
T+;45;1;T+45_1
T+;45;0;T+45_0
T+;44;9;T+44_9
T+;44;8;T+44_8
T+;44;7;T+44_7
T+;44;6;T+44_6
T+;44;5;T+44_5
T+;44;4;T+44_4
T+;44;3;T+44_3
T+;44;2;T+44_2
T+;44;1;T+44_1
T+;44;0;T+44_0
T+;43;9;T+43_9
T+;43;8;T+43_8
T+;43;7;T+43_7
T+;43;6;T+43_6
T+;43;5;T+43_5
T+;43;4;T+43_4
T+;43;3;T+43_3
T+;43;2;T+43_2
T+;43;1;T+43_1
T+;43;0;T+43_0
T+;42;9;T+42_9
T+;42;8;T+42_8
T+;42;7;T+42_7
T+;42;6;T+42_6
T+;42;5;T+42_5
T+;42;4;T+42_4
T+;42;3;T+42_3
T+;42;2;T+42_2
T+;42;1;T+42_1
T+;42;0;T+42_0
T+;41;9;T+41_9
T+;41;8;T+41_8
T+;41;7;T+41_7
T+;41;6;T+41_6
T+;41;5;T+41_5
T+;41;4;T+41_4
T+;41;3;T+41_3
T+;41;2;T+41_2
T+;41;1;T+41_1
T+;41;0;T+41_0
T+;40;9;T+40_9
T+;40;8;T+40_8
T+;40;7;T+40_7
T+;40;6;T+40_6
T+;40;5;T+40_5
T+;40;4;T+40_4
T+;40;3;T+40_3
T+;40;2;T+40_2
T+;40;1;T+40_1
T+;40;0;T+40_0
T+;39;9;T+39_9
T+;39;8;T+39_8
T+;39;7;T+39_7
T+;39;6;T+39_6
T+;39;5;T+39_5
T+;39;4;T+39_4
T+;39;3;T+39_3
T+;39;2;T+39_2
T+;39;1;T+39_1
T+;39;0;T+39_0
T+;38;9;T+38_9
T+;38;8;T+38_8
T+;38;7;T+38_7
T+;38;6;T+38_6
T+;38;5;T+38_5
T+;38;4;T+38_4
T+;38;3;T+38_3
T+;38;2;T+38_2
T+;38;1;T+38_1
T+;38;0;T+38_0
T+;37;9;T+37_9
T+;37;8;T+37_8
T+;37;7;T+37_7
T+;37;6;T+37_6
T+;37;5;T+37_5
T+;37;4;T+37_4
T+;37;3;T+37_3
T+;37;2;T+37_2
T+;37;1;T+37_1
T+;37;0;T+37_0
T+;36;9;T+36_9
T+;36;8;T+36_8
T+;36;7;T+36_7
T+;36;6;T+36_6
T+;36;5;T+36_5
T+;36;4;T+36_4
T+;36;3;T+36_3
T+;36;2;T+36_2
T+;36;1;T+36_1
T+;36;0;T+36_0
T+;35;9;T+35_9
T+;35;8;T+35_8
T+;35;7;T+35_7
T+;35;6;T+35_6
T+;35;5;T+35_5
T+;35;4;T+35_4
T+;35;3;T+35_3
T+;35;2;T+35_2
T+;35;1;T+35_1
T+;35;0;T+35_0
T+;34;9;T+34_9
T+;34;8;T+34_8
T+;34;7;T+34_7
T+;34;6;T+34_6
T+;34;5;T+34_5
T+;34;4;T+34_4
T+;34;3;T+34_3
T+;34;2;T+34_2
T+;34;1;T+34_1
T+;34;0;T+34_0
T+;33;9;T+33_9
T+;33;8;T+33_8
T+;33;7;T+33_7
T+;33;6;T+33_6
T+;33;5;T+33_5
T+;33;4;T+33_4
T+;33;3;T+33_3
T+;33;2;T+33_2
T+;33;1;T+33_1
T+;33;0;T+33_0
T+;32;9;T+32_9
T+;32;8;T+32_8
T+;32;7;T+32_7
T+;32;6;T+32_6
T+;32;5;T+32_5
T+;32;4;T+32_4
T+;32;3;T+32_3
T+;32;2;T+32_2
T+;32;1;T+32_1
T+;32;0;T+32_0
T+;31;9;T+31_9
T+;31;8;T+31_8
T+;31;7;T+31_7
T+;31;6;T+31_6
T+;31;5;T+31_5
T+;31;4;T+31_4
T+;31;3;T+31_3
T+;31;2;T+31_2
T+;31;1;T+31_1
T+;31;0;T+31_0
T+;30;9;T+30_9
T+;30;8;T+30_8
T+;30;7;T+30_7
T+;30;6;T+30_6
T+;30;5;T+30_5
T+;30;4;T+30_4
T+;30;3;T+30_3
T+;30;2;T+30_2
T+;30;1;T+30_1
T+;30;0;T+30_0
T+;29;9;T+29_9
T+;29;8;T+29_8
T+;29;7;T+29_7
T+;29;6;T+29_6
T+;29;5;T+29_5
T+;29;4;T+29_4
T+;29;3;T+29_3
T+;29;2;T+29_2
T+;29;1;T+29_1
T+;29;0;T+29_0
T+;28;9;T+28_9
T+;28;8;T+28_8
T+;28;7;T+28_7
T+;28;6;T+28_6
T+;28;5;T+28_5
T+;28;4;T+28_4
T+;28;3;T+28_3
T+;28;2;T+28_2
T+;28;1;T+28_1
T+;28;0;T+28_0
T+;27;9;T+27_9
T+;27;8;T+27_8
T+;27;7;T+27_7
T+;27;6;T+27_6
T+;27;5;T+27_5
T+;27;4;T+27_4
T+;27;3;T+27_3
T+;27;2;T+27_2
T+;27;1;T+27_1
T+;27;0;T+27_0
T+;26;9;T+26_9
T+;26;8;T+26_8
T+;26;7;T+26_7
T+;26;6;T+26_6
T+;26;5;T+26_5
T+;26;4;T+26_4
T+;26;3;T+26_3
T+;26;2;T+26_2
T+;26;1;T+26_1
T+;26;0;T+26_0
T+;25;9;T+25_9
T+;25;8;T+25_8
T+;25;7;T+25_7
T+;25;6;T+25_6
T+;25;5;T+25_5
T+;25;4;T+25_4
T+;25;3;T+25_3
T+;25;2;T+25_2
T+;25;1;T+25_1
T+;25;0;T+25_0
T+;24;9;T+24_9
T+;24;8;T+24_8
T+;24;7;T+24_7
T+;24;6;T+24_6
T+;24;5;T+24_5
T+;24;4;T+24_4
T+;24;3;T+24_3
T+;24;2;T+24_2
T+;24;1;T+24_1
T+;24;0;T+24_0
T+;23;9;T+23_9
T+;23;8;T+23_8
T+;23;7;T+23_7
T+;23;6;T+23_6
T+;23;5;T+23_5
T+;23;4;T+23_4
T+;23;3;T+23_3
T+;23;2;T+23_2
T+;23;1;T+23_1
T+;23;0;T+23_0
T+;22;9;T+22_9
T+;22;8;T+22_8
T+;22;7;T+22_7
T+;22;6;T+22_6
T+;22;5;T+22_5
T+;22;4;T+22_4
T+;22;3;T+22_3
T+;22;2;T+22_2
T+;22;1;T+22_1
T+;22;0;T+22_0
T+;21;9;T+21_9
T+;21;8;T+21_8
T+;21;7;T+21_7
T+;21;6;T+21_6
T+;21;5;T+21_5
T+;21;4;T+21_4
T+;21;3;T+21_3
T+;21;2;T+21_2
T+;21;1;T+21_1
T+;21;0;T+21_0
T+;20;9;T+20_9
T+;20;8;T+20_8
T+;20;7;T+20_7
T+;20;6;T+20_6
T+;20;5;T+20_5
T+;20;4;T+20_4
T+;20;3;T+20_3
T+;20;2;T+20_2
T+;20;1;T+20_1
T+;20;0;T+20_0
T+;19;9;T+19_9
T+;19;8;T+19_8
T+;19;7;T+19_7
T+;19;6;T+19_6
T+;19;5;T+19_5
T+;19;4;T+19_4
T+;19;3;T+19_3
T+;19;2;T+19_2
T+;19;1;T+19_1
T+;19;0;T+19_0
T+;18;9;T+18_9
T+;18;8;T+18_8
T+;18;7;T+18_7
T+;18;6;T+18_6
T+;18;5;T+18_5
T+;18;4;T+18_4
T+;18;3;T+18_3
T+;18;2;T+18_2
T+;18;1;T+18_1
T+;18;0;T+18_0
T+;17;9;T+17_9
T+;17;8;T+17_8
T+;17;7;T+17_7
T+;17;6;T+17_6
T+;17;5;T+17_5
T+;17;4;T+17_4
T+;17;3;T+17_3
T+;17;2;T+17_2
T+;17;1;T+17_1
T+;17;0;T+17_0
T+;16;9;T+16_9
T+;16;8;T+16_8
T+;16;7;T+16_7
T+;16;6;T+16_6
T+;16;5;T+16_5
T+;16;4;T+16_4
T+;16;3;T+16_3
T+;16;2;T+16_2
T+;16;1;T+16_1
T+;16;0;T+16_0
T+;15;9;T+15_9
T+;15;8;T+15_8
T+;15;7;T+15_7
T+;15;6;T+15_6
T+;15;5;T+15_5
T+;15;4;T+15_4
T+;15;3;T+15_3
T+;15;2;T+15_2
T+;15;1;T+15_1
T+;15;0;T+15_0
T+;14;9;T+14_9
T+;14;8;T+14_8
T+;14;7;T+14_7
T+;14;6;T+14_6
T+;14;5;T+14_5
T+;14;4;T+14_4
T+;14;3;T+14_3
T+;14;2;T+14_2
T+;14;1;T+14_1
T+;14;0;T+14_0
T+;13;9;T+13_9
T+;13;8;T+13_8
T+;13;7;T+13_7
T+;13;6;T+13_6
T+;13;5;T+13_5
T+;13;4;T+13_4
T+;13;3;T+13_3
T+;13;2;T+13_2
T+;13;1;T+13_1
T+;13;0;T+13_0
T+;12;9;T+12_9
T+;12;8;T+12_8
T+;12;7;T+12_7
T+;12;6;T+12_6
T+;12;5;T+12_5
T+;12;4;T+12_4
T+;12;3;T+12_3
T+;12;2;T+12_2
T+;12;1;T+12_1
T+;12;0;T+12_0
T+;11;9;T+11_9
T+;11;8;T+11_8
T+;11;7;T+11_7
T+;11;6;T+11_6
T+;11;5;T+11_5
T+;11;4;T+11_4
T+;11;3;T+11_3
T+;11;2;T+11_2
T+;11;1;T+11_1
T+;11;0;T+11_0
T+;10;9;T+10_9
T+;10;8;T+10_8
T+;10;7;T+10_7
T+;10;6;T+10_6
T+;10;5;T+10_5
T+;10;4;T+10_4
T+;10;3;T+10_3
T+;10;2;T+10_2
T+;10;1;T+10_1
T+;10;0;T+10_0
T+;9;9;T+09_9
T+;9;8;T+09_8
T+;9;7;T+09_7
T+;9;6;T+09_6
T+;9;5;T+09_5
T+;9;4;T+09_4
T+;9;3;T+09_3
T+;9;2;T+09_2
T+;9;1;T+09_1
T+;9;0;T+09_0
T+;8;9;T+08_9
T+;8;8;T+08_8
T+;8;7;T+08_7
T+;8;6;T+08_6
T+;8;5;T+08_5
T+;8;4;T+08_4
T+;8;3;T+08_3
T+;8;2;T+08_2
T+;8;1;T+08_1
T+;8;0;T+08_0
T+;7;9;T+07_9
T+;7;8;T+07_8
T+;7;7;T+07_7
T+;7;6;T+07_6
T+;7;5;T+07_5
T+;7;4;T+07_4
T+;7;3;T+07_3
T+;7;2;T+07_2
T+;7;1;T+07_1
T+;7;0;T+07_0
T+;6;9;T+06_9
T+;6;8;T+06_8
T+;6;7;T+06_7
T+;6;6;T+06_6
T+;6;5;T+06_5
T+;6;4;T+06_4
T+;6;3;T+06_3
T+;6;2;T+06_2
T+;6;1;T+06_1
T+;6;0;T+06_0
T+;5;9;T+05_9
T+;5;8;T+05_8
T+;5;7;T+05_7
T+;5;6;T+05_6
T+;5;5;T+05_5
T+;5;4;T+05_4
T+;5;3;T+05_3
T+;5;2;T+05_2
T+;5;1;T+05_1
T+;5;0;T+05_0
T+;4;9;T+04_9
T+;4;8;T+04_8
T+;4;7;T+04_7
T+;4;6;T+04_6
T+;4;5;T+04_5
T+;4;4;T+04_4
T+;4;3;T+04_3
T+;4;2;T+04_2
T+;4;1;T+04_1
T+;4;0;T+04_0
T+;3;9;T+03_9
T+;3;8;T+03_8
T+;3;7;T+03_7
T+;3;6;T+03_6
T+;3;5;T+03_5
T+;3;4;T+03_4
T+;3;3;T+03_3
T+;3;2;T+03_2
T+;3;1;T+03_1
T+;3;0;T+03_0
T+;2;9;T+02_9
T+;2;8;T+02_8
T+;2;7;T+02_7
T+;2;6;T+02_6
T+;2;5;T+02_5
T+;2;4;T+02_4
T+;2;3;T+02_3
T+;2;2;T+02_2
T+;2;1;T+02_1
T+;2;0;T+02_0
T+;1;9;T+01_9
T+;1;8;T+01_8
T+;1;7;T+01_7
T+;1;6;T+01_6
T+;1;5;T+01_5
T+;1;4;T+01_4
T+;1;3;T+01_3
T+;1;2;T+01_2
T+;1;1;T+01_1
T+;1;0;T+01_0
R+;99;9;R+99_9
R+;99;8;R+99_8
R+;99;7;R+99_7
R+;99;6;R+99_6
R+;99;5;R+99_5
R+;99;4;R+99_4
R+;99;3;R+99_3
R+;99;2;R+99_2
R+;99;1;R+99_1
R+;99;0;R+99_0
R+;98;9;R+98_9
R+;98;8;R+98_8
R+;98;7;R+98_7
R+;98;6;R+98_6
R+;98;5;R+98_5
R+;98;4;R+98_4
R+;98;3;R+98_3
R+;98;2;R+98_2
R+;98;1;R+98_1
R+;98;0;R+98_0
R+;97;9;R+97_9
R+;97;8;R+97_8
R+;97;7;R+97_7
R+;97;6;R+97_6
R+;97;5;R+97_5
R+;97;4;R+97_4
R+;97;3;R+97_3
R+;97;2;R+97_2
R+;97;1;R+97_1
R+;97;0;R+97_0
R+;96;9;R+96_9
R+;96;8;R+96_8
R+;96;7;R+96_7
R+;96;6;R+96_6
R+;96;5;R+96_5
R+;96;4;R+96_4
R+;96;3;R+96_3
R+;96;2;R+96_2
R+;96;1;R+96_1
R+;96;0;R+96_0
R+;95;9;R+95_9
R+;95;8;R+95_8
R+;95;7;R+95_7
R+;95;6;R+95_6
R+;95;5;R+95_5
R+;95;4;R+95_4
R+;95;3;R+95_3
R+;95;2;R+95_2
R+;95;1;R+95_1
R+;95;0;R+95_0
R+;94;9;R+94_9
R+;94;8;R+94_8
R+;94;7;R+94_7
R+;94;6;R+94_6
R+;94;5;R+94_5
R+;94;4;R+94_4
R+;94;3;R+94_3
R+;94;2;R+94_2
R+;94;1;R+94_1
R+;94;0;R+94_0
R+;93;9;R+93_9
R+;93;8;R+93_8
R+;93;7;R+93_7
R+;93;6;R+93_6
R+;93;5;R+93_5
R+;93;4;R+93_4
R+;93;3;R+93_3
R+;93;2;R+93_2
R+;93;1;R+93_1
R+;93;0;R+93_0
R+;92;9;R+92_9
R+;92;8;R+92_8
R+;92;7;R+92_7
R+;92;6;R+92_6
R+;92;5;R+92_5
R+;92;4;R+92_4
R+;92;3;R+92_3
R+;92;2;R+92_2
R+;92;1;R+92_1
R+;92;0;R+92_0
R+;91;9;R+91_9
R+;91;8;R+91_8
R+;91;7;R+91_7
R+;91;6;R+91_6
R+;91;5;R+91_5
R+;91;4;R+91_4
R+;91;3;R+91_3
R+;91;2;R+91_2
R+;91;1;R+91_1
R+;91;0;R+91_0
R+;90;9;R+90_9
R+;90;8;R+90_8
R+;90;7;R+90_7
R+;90;6;R+90_6
R+;90;5;R+90_5
R+;90;4;R+90_4
R+;90;3;R+90_3
R+;90;2;R+90_2
R+;90;1;R+90_1
R+;90;0;R+90_0
R+;89;9;R+89_9
R+;89;8;R+89_8
R+;89;7;R+89_7
R+;89;6;R+89_6
R+;89;5;R+89_5
R+;89;4;R+89_4
R+;89;3;R+89_3
R+;89;2;R+89_2
R+;89;1;R+89_1
R+;89;0;R+89_0
R+;88;9;R+88_9
R+;88;8;R+88_8
R+;88;7;R+88_7
R+;88;6;R+88_6
R+;88;5;R+88_5
R+;88;4;R+88_4
R+;88;3;R+88_3
R+;88;2;R+88_2
R+;88;1;R+88_1
R+;88;0;R+88_0
R+;87;9;R+87_9
R+;87;8;R+87_8
R+;87;7;R+87_7
R+;87;6;R+87_6
R+;87;5;R+87_5
R+;87;4;R+87_4
R+;87;3;R+87_3
R+;87;2;R+87_2
R+;87;1;R+87_1
R+;87;0;R+87_0
R+;86;9;R+86_9
R+;86;8;R+86_8
R+;86;7;R+86_7
R+;86;6;R+86_6
R+;86;5;R+86_5
R+;86;4;R+86_4
R+;86;3;R+86_3
R+;86;2;R+86_2
R+;86;1;R+86_1
R+;86;0;R+86_0
R+;85;9;R+85_9
R+;85;8;R+85_8
R+;85;7;R+85_7
R+;85;6;R+85_6
R+;85;5;R+85_5
R+;85;4;R+85_4
R+;85;3;R+85_3
R+;85;2;R+85_2
R+;85;1;R+85_1
R+;85;0;R+85_0
R+;84;9;R+84_9
R+;84;8;R+84_8
R+;84;7;R+84_7
R+;84;6;R+84_6
R+;84;5;R+84_5
R+;84;4;R+84_4
R+;84;3;R+84_3
R+;84;2;R+84_2
R+;84;1;R+84_1
R+;84;0;R+84_0
R+;83;9;R+83_9
R+;83;8;R+83_8
R+;83;7;R+83_7
R+;83;6;R+83_6
R+;83;5;R+83_5
R+;83;4;R+83_4
R+;83;3;R+83_3
R+;83;2;R+83_2
R+;83;1;R+83_1
R+;83;0;R+83_0
R+;82;9;R+82_9
R+;82;8;R+82_8
R+;82;7;R+82_7
R+;82;6;R+82_6
R+;82;5;R+82_5
R+;82;4;R+82_4
R+;82;3;R+82_3
R+;82;2;R+82_2
R+;82;1;R+82_1
R+;82;0;R+82_0
R+;81;9;R+81_9
R+;81;8;R+81_8
R+;81;7;R+81_7
R+;81;6;R+81_6
R+;81;5;R+81_5
R+;81;4;R+81_4
R+;81;3;R+81_3
R+;81;2;R+81_2
R+;81;1;R+81_1
R+;81;0;R+81_0
R+;80;9;R+80_9
R+;80;8;R+80_8
R+;80;7;R+80_7
R+;80;6;R+80_6
R+;80;5;R+80_5
R+;80;4;R+80_4
R+;80;3;R+80_3
R+;80;2;R+80_2
R+;80;1;R+80_1
R+;80;0;R+80_0
R+;79;9;R+79_9
R+;79;8;R+79_8
R+;79;7;R+79_7
R+;79;6;R+79_6
R+;79;5;R+79_5
R+;79;4;R+79_4
R+;79;3;R+79_3
R+;79;2;R+79_2
R+;79;1;R+79_1
R+;79;0;R+79_0
R+;78;9;R+78_9
R+;78;8;R+78_8
R+;78;7;R+78_7
R+;78;6;R+78_6
R+;78;5;R+78_5
R+;78;4;R+78_4
R+;78;3;R+78_3
R+;78;2;R+78_2
R+;78;1;R+78_1
R+;78;0;R+78_0
R+;77;9;R+77_9
R+;77;8;R+77_8
R+;77;7;R+77_7
R+;77;6;R+77_6
R+;77;5;R+77_5
R+;77;4;R+77_4
R+;77;3;R+77_3
R+;77;2;R+77_2
R+;77;1;R+77_1
R+;77;0;R+77_0
R+;76;9;R+76_9
R+;76;8;R+76_8
R+;76;7;R+76_7
R+;76;6;R+76_6
R+;76;5;R+76_5
R+;76;4;R+76_4
R+;76;3;R+76_3
R+;76;2;R+76_2
R+;76;1;R+76_1
R+;76;0;R+76_0
R+;75;9;R+75_9
R+;75;8;R+75_8
R+;75;7;R+75_7
R+;75;6;R+75_6
R+;75;5;R+75_5
R+;75;4;R+75_4
R+;75;3;R+75_3
R+;75;2;R+75_2
R+;75;1;R+75_1
R+;75;0;R+75_0
R+;74;9;R+74_9
R+;74;8;R+74_8
R+;74;7;R+74_7
R+;74;6;R+74_6
R+;74;5;R+74_5
R+;74;4;R+74_4
R+;74;3;R+74_3
R+;74;2;R+74_2
R+;74;1;R+74_1
R+;74;0;R+74_0
R+;73;9;R+73_9
R+;73;8;R+73_8
R+;73;7;R+73_7
R+;73;6;R+73_6
R+;73;5;R+73_5
R+;73;4;R+73_4
R+;73;3;R+73_3
R+;73;2;R+73_2
R+;73;1;R+73_1
R+;73;0;R+73_0
R+;72;9;R+72_9
R+;72;8;R+72_8
R+;72;7;R+72_7
R+;72;6;R+72_6
R+;72;5;R+72_5
R+;72;4;R+72_4
R+;72;3;R+72_3
R+;72;2;R+72_2
R+;72;1;R+72_1
R+;72;0;R+72_0
R+;71;9;R+71_9
R+;71;8;R+71_8
R+;71;7;R+71_7
R+;71;6;R+71_6
R+;71;5;R+71_5
R+;71;4;R+71_4
R+;71;3;R+71_3
R+;71;2;R+71_2
R+;71;1;R+71_1
R+;71;0;R+71_0
R+;70;9;R+70_9
R+;70;8;R+70_8
R+;70;7;R+70_7
R+;70;6;R+70_6
R+;70;5;R+70_5
R+;70;4;R+70_4
R+;70;3;R+70_3
R+;70;2;R+70_2
R+;70;1;R+70_1
R+;70;0;R+70_0
R+;69;9;R+69_9
R+;69;8;R+69_8
R+;69;7;R+69_7
R+;69;6;R+69_6
R+;69;5;R+69_5
R+;69;4;R+69_4
R+;69;3;R+69_3
R+;69;2;R+69_2
R+;69;1;R+69_1
R+;69;0;R+69_0
R+;68;9;R+68_9
R+;68;8;R+68_8
R+;68;7;R+68_7
R+;68;6;R+68_6
R+;68;5;R+68_5
R+;68;4;R+68_4
R+;68;3;R+68_3
R+;68;2;R+68_2
R+;68;1;R+68_1
R+;68;0;R+68_0
R+;67;9;R+67_9
R+;67;8;R+67_8
R+;67;7;R+67_7
R+;67;6;R+67_6
R+;67;5;R+67_5
R+;67;4;R+67_4
R+;67;3;R+67_3
R+;67;2;R+67_2
R+;67;1;R+67_1
R+;67;0;R+67_0
R+;66;9;R+66_9
R+;66;8;R+66_8
R+;66;7;R+66_7
R+;66;6;R+66_6
R+;66;5;R+66_5
R+;66;4;R+66_4
R+;66;3;R+66_3
R+;66;2;R+66_2
R+;66;1;R+66_1
R+;66;0;R+66_0
R+;65;9;R+65_9
R+;65;8;R+65_8
R+;65;7;R+65_7
R+;65;6;R+65_6
R+;65;5;R+65_5
R+;65;4;R+65_4
R+;65;3;R+65_3
R+;65;2;R+65_2
R+;65;1;R+65_1
R+;65;0;R+65_0
R+;64;9;R+64_9
R+;64;8;R+64_8
R+;64;7;R+64_7
R+;64;6;R+64_6
R+;64;5;R+64_5
R+;64;4;R+64_4
R+;64;3;R+64_3
R+;64;2;R+64_2
R+;64;1;R+64_1
R+;64;0;R+64_0
R+;63;9;R+63_9
R+;63;8;R+63_8
R+;63;7;R+63_7
R+;63;6;R+63_6
R+;63;5;R+63_5
R+;63;4;R+63_4
R+;63;3;R+63_3
R+;63;2;R+63_2
R+;63;1;R+63_1
R+;63;0;R+63_0
R+;62;9;R+62_9
R+;62;8;R+62_8
R+;62;7;R+62_7
R+;62;6;R+62_6
R+;62;5;R+62_5
R+;62;4;R+62_4
R+;62;3;R+62_3
R+;62;2;R+62_2
R+;62;1;R+62_1
R+;62;0;R+62_0
R+;61;9;R+61_9
R+;61;8;R+61_8
R+;61;7;R+61_7
R+;61;6;R+61_6
R+;61;5;R+61_5
R+;61;4;R+61_4
R+;61;3;R+61_3
R+;61;2;R+61_2
R+;61;1;R+61_1
R+;61;0;R+61_0
R+;60;9;R+60_9
R+;60;8;R+60_8
R+;60;7;R+60_7
R+;60;6;R+60_6
R+;60;5;R+60_5
R+;60;4;R+60_4
R+;60;3;R+60_3
R+;60;2;R+60_2
R+;60;1;R+60_1
R+;60;0;R+60_0
R+;59;9;R+59_9
R+;59;8;R+59_8
R+;59;7;R+59_7
R+;59;6;R+59_6
R+;59;5;R+59_5
R+;59;4;R+59_4
R+;59;3;R+59_3
R+;59;2;R+59_2
R+;59;1;R+59_1
R+;59;0;R+59_0
R+;58;9;R+58_9
R+;58;8;R+58_8
R+;58;7;R+58_7
R+;58;6;R+58_6
R+;58;5;R+58_5
R+;58;4;R+58_4
R+;58;3;R+58_3
R+;58;2;R+58_2
R+;58;1;R+58_1
R+;58;0;R+58_0
R+;57;9;R+57_9
R+;57;8;R+57_8
R+;57;7;R+57_7
R+;57;6;R+57_6
R+;57;5;R+57_5
R+;57;4;R+57_4
R+;57;3;R+57_3
R+;57;2;R+57_2
R+;57;1;R+57_1
R+;57;0;R+57_0
R+;56;9;R+56_9
R+;56;8;R+56_8
R+;56;7;R+56_7
R+;56;6;R+56_6
R+;56;5;R+56_5
R+;56;4;R+56_4
R+;56;3;R+56_3
R+;56;2;R+56_2
R+;56;1;R+56_1
R+;56;0;R+56_0
R+;55;9;R+55_9
R+;55;8;R+55_8
R+;55;7;R+55_7
R+;55;6;R+55_6
R+;55;5;R+55_5
R+;55;4;R+55_4
R+;55;3;R+55_3
R+;55;2;R+55_2
R+;55;1;R+55_1
R+;55;0;R+55_0
R+;54;9;R+54_9
R+;54;8;R+54_8
R+;54;7;R+54_7
R+;54;6;R+54_6
R+;54;5;R+54_5
R+;54;4;R+54_4
R+;54;3;R+54_3
R+;54;2;R+54_2
R+;54;1;R+54_1
R+;54;0;R+54_0
R+;53;9;R+53_9
R+;53;8;R+53_8
R+;53;7;R+53_7
R+;53;6;R+53_6
R+;53;5;R+53_5
R+;53;4;R+53_4
R+;53;3;R+53_3
R+;53;2;R+53_2
R+;53;1;R+53_1
R+;53;0;R+53_0
R+;52;9;R+52_9
R+;52;8;R+52_8
R+;52;7;R+52_7
R+;52;6;R+52_6
R+;52;5;R+52_5
R+;52;4;R+52_4
R+;52;3;R+52_3
R+;52;2;R+52_2
R+;52;1;R+52_1
R+;52;0;R+52_0
R+;51;9;R+51_9
R+;51;8;R+51_8
R+;51;7;R+51_7
R+;51;6;R+51_6
R+;51;5;R+51_5
R+;51;4;R+51_4
R+;51;3;R+51_3
R+;51;2;R+51_2
R+;51;1;R+51_1
R+;51;0;R+51_0
R+;50;9;R+50_9
R+;50;8;R+50_8
R+;50;7;R+50_7
R+;50;6;R+50_6
R+;50;5;R+50_5
R+;50;4;R+50_4
R+;50;3;R+50_3
R+;50;2;R+50_2
R+;50;1;R+50_1
R+;50;0;R+50_0
R+;49;9;R+49_9
R+;49;8;R+49_8
R+;49;7;R+49_7
R+;49;6;R+49_6
R+;49;5;R+49_5
R+;49;4;R+49_4
R+;49;3;R+49_3
R+;49;2;R+49_2
R+;49;1;R+49_1
R+;49;0;R+49_0
R+;48;9;R+48_9
R+;48;8;R+48_8
R+;48;7;R+48_7
R+;48;6;R+48_6
R+;48;5;R+48_5
R+;48;4;R+48_4
R+;48;3;R+48_3
R+;48;2;R+48_2
R+;48;1;R+48_1
R+;48;0;R+48_0
R+;47;9;R+47_9
R+;47;8;R+47_8
R+;47;7;R+47_7
R+;47;6;R+47_6
R+;47;5;R+47_5
R+;47;4;R+47_4
R+;47;3;R+47_3
R+;47;2;R+47_2
R+;47;1;R+47_1
R+;47;0;R+47_0
R+;46;9;R+46_9
R+;46;8;R+46_8
R+;46;7;R+46_7
R+;46;6;R+46_6
R+;46;5;R+46_5
R+;46;4;R+46_4
R+;46;3;R+46_3
R+;46;2;R+46_2
R+;46;1;R+46_1
R+;46;0;R+46_0
R+;45;9;R+45_9
R+;45;8;R+45_8
R+;45;7;R+45_7
R+;45;6;R+45_6
R+;45;5;R+45_5
R+;45;4;R+45_4
R+;45;3;R+45_3
R+;45;2;R+45_2
R+;45;1;R+45_1
R+;45;0;R+45_0
R+;44;9;R+44_9
R+;44;8;R+44_8
R+;44;7;R+44_7
R+;44;6;R+44_6
R+;44;5;R+44_5
R+;44;4;R+44_4
R+;44;3;R+44_3
R+;44;2;R+44_2
R+;44;1;R+44_1
R+;44;0;R+44_0
R+;43;9;R+43_9
R+;43;8;R+43_8
R+;43;7;R+43_7
R+;43;6;R+43_6
R+;43;5;R+43_5
R+;43;4;R+43_4
R+;43;3;R+43_3
R+;43;2;R+43_2
R+;43;1;R+43_1
R+;43;0;R+43_0
R+;42;9;R+42_9
R+;42;8;R+42_8
R+;42;7;R+42_7
R+;42;6;R+42_6
R+;42;5;R+42_5
R+;42;4;R+42_4
R+;42;3;R+42_3
R+;42;2;R+42_2
R+;42;1;R+42_1
R+;42;0;R+42_0
R+;41;9;R+41_9
R+;41;8;R+41_8
R+;41;7;R+41_7
R+;41;6;R+41_6
R+;41;5;R+41_5
R+;41;4;R+41_4
R+;41;3;R+41_3
R+;41;2;R+41_2
R+;41;1;R+41_1
R+;41;0;R+41_0
R+;40;9;R+40_9
R+;40;8;R+40_8
R+;40;7;R+40_7
R+;40;6;R+40_6
R+;40;5;R+40_5
R+;40;4;R+40_4
R+;40;3;R+40_3
R+;40;2;R+40_2
R+;40;1;R+40_1
R+;40;0;R+40_0
R+;39;9;R+39_9
R+;39;8;R+39_8
R+;39;7;R+39_7
R+;39;6;R+39_6
R+;39;5;R+39_5
R+;39;4;R+39_4
R+;39;3;R+39_3
R+;39;2;R+39_2
R+;39;1;R+39_1
R+;39;0;R+39_0
R+;38;9;R+38_9
R+;38;8;R+38_8
R+;38;7;R+38_7
R+;38;6;R+38_6
R+;38;5;R+38_5
R+;38;4;R+38_4
R+;38;3;R+38_3
R+;38;2;R+38_2
R+;38;1;R+38_1
R+;38;0;R+38_0
R+;37;9;R+37_9
R+;37;8;R+37_8
R+;37;7;R+37_7
R+;37;6;R+37_6
R+;37;5;R+37_5
R+;37;4;R+37_4
R+;37;3;R+37_3
R+;37;2;R+37_2
R+;37;1;R+37_1
R+;37;0;R+37_0
R+;36;9;R+36_9
R+;36;8;R+36_8
R+;36;7;R+36_7
R+;36;6;R+36_6
R+;36;5;R+36_5
R+;36;4;R+36_4
R+;36;3;R+36_3
R+;36;2;R+36_2
R+;36;1;R+36_1
R+;36;0;R+36_0
R+;35;9;R+35_9
R+;35;8;R+35_8
R+;35;7;R+35_7
R+;35;6;R+35_6
R+;35;5;R+35_5
R+;35;4;R+35_4
R+;35;3;R+35_3
R+;35;2;R+35_2
R+;35;1;R+35_1
R+;35;0;R+35_0
R+;34;9;R+34_9
R+;34;8;R+34_8
R+;34;7;R+34_7
R+;34;6;R+34_6
R+;34;5;R+34_5
R+;34;4;R+34_4
R+;34;3;R+34_3
R+;34;2;R+34_2
R+;34;1;R+34_1
R+;34;0;R+34_0
R+;33;9;R+33_9
R+;33;8;R+33_8
R+;33;7;R+33_7
R+;33;6;R+33_6
R+;33;5;R+33_5
R+;33;4;R+33_4
R+;33;3;R+33_3
R+;33;2;R+33_2
R+;33;1;R+33_1
R+;33;0;R+33_0
R+;32;9;R+32_9
R+;32;8;R+32_8
R+;32;7;R+32_7
R+;32;6;R+32_6
R+;32;5;R+32_5
R+;32;4;R+32_4
R+;32;3;R+32_3
R+;32;2;R+32_2
R+;32;1;R+32_1
R+;32;0;R+32_0
R+;31;9;R+31_9
R+;31;8;R+31_8
R+;31;7;R+31_7
R+;31;6;R+31_6
R+;31;5;R+31_5
R+;31;4;R+31_4
R+;31;3;R+31_3
R+;31;2;R+31_2
R+;31;1;R+31_1
R+;31;0;R+31_0
R+;30;9;R+30_9
R+;30;8;R+30_8
R+;30;7;R+30_7
R+;30;6;R+30_6
R+;30;5;R+30_5
R+;30;4;R+30_4
R+;30;3;R+30_3
R+;30;2;R+30_2
R+;30;1;R+30_1
R+;30;0;R+30_0
R+;29;9;R+29_9
R+;29;8;R+29_8
R+;29;7;R+29_7
R+;29;6;R+29_6
R+;29;5;R+29_5
R+;29;4;R+29_4
R+;29;3;R+29_3
R+;29;2;R+29_2
R+;29;1;R+29_1
R+;29;0;R+29_0
R+;28;9;R+28_9
R+;28;8;R+28_8
R+;28;7;R+28_7
R+;28;6;R+28_6
R+;28;5;R+28_5
R+;28;4;R+28_4
R+;28;3;R+28_3
R+;28;2;R+28_2
R+;28;1;R+28_1
R+;28;0;R+28_0
R+;27;9;R+27_9
R+;27;8;R+27_8
R+;27;7;R+27_7
R+;27;6;R+27_6
R+;27;5;R+27_5
R+;27;4;R+27_4
R+;27;3;R+27_3
R+;27;2;R+27_2
R+;27;1;R+27_1
R+;27;0;R+27_0
R+;26;9;R+26_9
R+;26;8;R+26_8
R+;26;7;R+26_7
R+;26;6;R+26_6
R+;26;5;R+26_5
R+;26;4;R+26_4
R+;26;3;R+26_3
R+;26;2;R+26_2
R+;26;1;R+26_1
R+;26;0;R+26_0
R+;25;9;R+25_9
R+;25;8;R+25_8
R+;25;7;R+25_7
R+;25;6;R+25_6
R+;25;5;R+25_5
R+;25;4;R+25_4
R+;25;3;R+25_3
R+;25;2;R+25_2
R+;25;1;R+25_1
R+;25;0;R+25_0
R+;24;9;R+24_9
R+;24;8;R+24_8
R+;24;7;R+24_7
R+;24;6;R+24_6
R+;24;5;R+24_5
R+;24;4;R+24_4
R+;24;3;R+24_3
R+;24;2;R+24_2
R+;24;1;R+24_1
R+;24;0;R+24_0
R+;23;9;R+23_9
R+;23;8;R+23_8
R+;23;7;R+23_7
R+;23;6;R+23_6
R+;23;5;R+23_5
R+;23;4;R+23_4
R+;23;3;R+23_3
R+;23;2;R+23_2
R+;23;1;R+23_1
R+;23;0;R+23_0
R+;22;9;R+22_9
R+;22;8;R+22_8
R+;22;7;R+22_7
R+;22;6;R+22_6
R+;22;5;R+22_5
R+;22;4;R+22_4
R+;22;3;R+22_3
R+;22;2;R+22_2
R+;22;1;R+22_1
R+;22;0;R+22_0
R+;21;9;R+21_9
R+;21;8;R+21_8
R+;21;7;R+21_7
R+;21;6;R+21_6
R+;21;5;R+21_5
R+;21;4;R+21_4
R+;21;3;R+21_3
R+;21;2;R+21_2
R+;21;1;R+21_1
R+;21;0;R+21_0
R+;20;9;R+20_9
R+;20;8;R+20_8
R+;20;7;R+20_7
R+;20;6;R+20_6
R+;20;5;R+20_5
R+;20;4;R+20_4
R+;20;3;R+20_3
R+;20;2;R+20_2
R+;20;1;R+20_1
R+;20;0;R+20_0
R+;19;9;R+19_9
R+;19;8;R+19_8
R+;19;7;R+19_7
R+;19;6;R+19_6
R+;19;5;R+19_5
R+;19;4;R+19_4
R+;19;3;R+19_3
R+;19;2;R+19_2
R+;19;1;R+19_1
R+;19;0;R+19_0
R+;18;9;R+18_9
R+;18;8;R+18_8
R+;18;7;R+18_7
R+;18;6;R+18_6
R+;18;5;R+18_5
R+;18;4;R+18_4
R+;18;3;R+18_3
R+;18;2;R+18_2
R+;18;1;R+18_1
R+;18;0;R+18_0
R+;17;9;R+17_9
R+;17;8;R+17_8
R+;17;7;R+17_7
R+;17;6;R+17_6
R+;17;5;R+17_5
R+;17;4;R+17_4
R+;17;3;R+17_3
R+;17;2;R+17_2
R+;17;1;R+17_1
R+;17;0;R+17_0
R+;16;9;R+16_9
R+;16;8;R+16_8
R+;16;7;R+16_7
R+;16;6;R+16_6
R+;16;5;R+16_5
R+;16;4;R+16_4
R+;16;3;R+16_3
R+;16;2;R+16_2
R+;16;1;R+16_1
R+;16;0;R+16_0
R+;15;9;R+15_9
R+;15;8;R+15_8
R+;15;7;R+15_7
R+;15;6;R+15_6
R+;15;5;R+15_5
R+;15;4;R+15_4
R+;15;3;R+15_3
R+;15;2;R+15_2
R+;15;1;R+15_1
R+;15;0;R+15_0
R+;14;9;R+14_9
R+;14;8;R+14_8
R+;14;7;R+14_7
R+;14;6;R+14_6
R+;14;5;R+14_5
R+;14;4;R+14_4
R+;14;3;R+14_3
R+;14;2;R+14_2
R+;14;1;R+14_1
R+;14;0;R+14_0
R+;13;9;R+13_9
R+;13;8;R+13_8
R+;13;7;R+13_7
R+;13;6;R+13_6
R+;13;5;R+13_5
R+;13;4;R+13_4
R+;13;3;R+13_3
R+;13;2;R+13_2
R+;13;1;R+13_1
R+;13;0;R+13_0
R+;12;9;R+12_9
R+;12;8;R+12_8
R+;12;7;R+12_7
R+;12;6;R+12_6
R+;12;5;R+12_5
R+;12;4;R+12_4
R+;12;3;R+12_3
R+;12;2;R+12_2
R+;12;1;R+12_1
R+;12;0;R+12_0
R+;11;9;R+11_9
R+;11;8;R+11_8
R+;11;7;R+11_7
R+;11;6;R+11_6
R+;11;5;R+11_5
R+;11;4;R+11_4
R+;11;3;R+11_3
R+;11;2;R+11_2
R+;11;1;R+11_1
R+;11;0;R+11_0
R+;10;9;R+10_9
R+;10;8;R+10_8
R+;10;7;R+10_7
R+;10;6;R+10_6
R+;10;5;R+10_5
R+;10;4;R+10_4
R+;10;3;R+10_3
R+;10;2;R+10_2
R+;10;1;R+10_1
R+;10;0;R+10_0
R+;9;9;R+09_9
R+;9;8;R+09_8
R+;9;7;R+09_7
R+;9;6;R+09_6
R+;9;5;R+09_5
R+;9;4;R+09_4
R+;9;3;R+09_3
R+;9;2;R+09_2
R+;9;1;R+09_1
R+;9;0;R+09_0
R+;8;9;R+08_9
R+;8;8;R+08_8
R+;8;7;R+08_7
R+;8;6;R+08_6
R+;8;5;R+08_5
R+;8;4;R+08_4
R+;8;3;R+08_3
R+;8;2;R+08_2
R+;8;1;R+08_1
R+;8;0;R+08_0
R+;7;9;R+07_9
R+;7;8;R+07_8
R+;7;7;R+07_7
R+;7;6;R+07_6
R+;7;5;R+07_5
R+;7;4;R+07_4
R+;7;3;R+07_3
R+;7;2;R+07_2
R+;7;1;R+07_1
R+;7;0;R+07_0
R+;6;9;R+06_9
R+;6;8;R+06_8
R+;6;7;R+06_7
R+;6;6;R+06_6
R+;6;5;R+06_5
R+;6;4;R+06_4
R+;6;3;R+06_3
R+;6;2;R+06_2
R+;6;1;R+06_1
R+;6;0;R+06_0
R+;5;9;R+05_9
R+;5;8;R+05_8
R+;5;7;R+05_7
R+;5;6;R+05_6
R+;5;5;R+05_5
R+;5;4;R+05_4
R+;5;3;R+05_3
R+;5;2;R+05_2
R+;5;1;R+05_1
R+;5;0;R+05_0
R+;4;9;R+04_9
R+;4;8;R+04_8
R+;4;7;R+04_7
R+;4;6;R+04_6
R+;4;5;R+04_5
R+;4;4;R+04_4
R+;4;3;R+04_3
R+;4;2;R+04_2
R+;4;1;R+04_1
R+;4;0;R+04_0
R+;3;9;R+03_9
R+;3;8;R+03_8
R+;3;7;R+03_7
R+;3;6;R+03_6
R+;3;5;R+03_5
R+;3;4;R+03_4
R+;3;3;R+03_3
R+;3;2;R+03_2
R+;3;1;R+03_1
R+;3;0;R+03_0
R+;2;9;R+02_9
R+;2;8;R+02_8
R+;2;7;R+02_7
R+;2;6;R+02_6
R+;2;5;R+02_5
R+;2;4;R+02_4
R+;2;3;R+02_3
R+;2;2;R+02_2
R+;2;1;R+02_1
R+;2;0;R+02_0
R+;1;9;R+01_9
R+;1;8;R+01_8
R+;1;7;R+01_7
R+;1;6;R+01_6
R+;1;5;R+01_5
R+;1;4;R+01_4
R+;1;3;R+01_3
R+;1;2;R+01_2
R+;1;1;R+01_1
R+;1;0;R+01_0
R+;0;9;R+00_9
R+;0;8;R+00_8
R+;0;7;R+00_7
R+;0;6;R+00_6
R+;0;5;R+00_5
R+;0;4;R+00_4
R+;0;3;R+00_3
R+;0;2;R+00_2
R+;0;1;R+00_1
R+;0;0;R+00_0
R-;0;9;R-00_9
R-;0;8;R-00_8
R-;0;7;R-00_7
R-;0;6;R-00_6
R-;0;5;R-00_5
R-;0;4;R-00_4
R-;0;3;R-00_3
R-;0;2;R-00_2
R-;0;1;R-00_1
R-;0;0;R-00_0
R-;1;9;R-01_9
R-;1;8;R-01_8
R-;1;7;R-01_7
R-;1;6;R-01_6
R-;1;5;R-01_5
R-;1;4;R-01_4
R-;1;3;R-01_3
R-;1;2;R-01_2
R-;1;1;R-01_1
R-;1;0;R-01_0
R-;2;9;R-02_9
R-;2;8;R-02_8
R-;2;7;R-02_7
R-;2;6;R-02_6
R-;2;5;R-02_5
R-;2;4;R-02_4
R-;2;3;R-02_3
R-;2;2;R-02_2
R-;2;1;R-02_1
R-;2;0;R-02_0
R-;3;9;R-03_9
R-;3;8;R-03_8
R-;3;7;R-03_7
R-;3;6;R-03_6
R-;3;5;R-03_5
R-;3;4;R-03_4
R-;3;3;R-03_3
R-;3;2;R-03_2
R-;3;1;R-03_1
R-;3;0;R-03_0
R-;4;9;R-04_9
R-;4;8;R-04_8
R-;4;7;R-04_7
R-;4;6;R-04_6
R-;4;5;R-04_5
R-;4;4;R-04_4
R-;4;3;R-04_3
R-;4;2;R-04_2
R-;4;1;R-04_1
R-;4;0;R-04_0
R-;5;9;R-05_9
R-;5;8;R-05_8
R-;5;7;R-05_7
R-;5;6;R-05_6
R-;5;5;R-05_5
R-;5;4;R-05_4
R-;5;3;R-05_3
R-;5;2;R-05_2
R-;5;1;R-05_1
R-;5;0;R-05_0
R-;6;9;R-06_9
R-;6;8;R-06_8
R-;6;7;R-06_7
R-;6;6;R-06_6
R-;6;5;R-06_5
R-;6;4;R-06_4
R-;6;3;R-06_3
R-;6;2;R-06_2
R-;6;1;R-06_1
R-;6;0;R-06_0
R-;7;9;R-07_9
R-;7;8;R-07_8
R-;7;7;R-07_7
R-;7;6;R-07_6
R-;7;5;R-07_5
R-;7;4;R-07_4
R-;7;3;R-07_3
R-;7;2;R-07_2
R-;7;1;R-07_1
R-;7;0;R-07_0
R-;8;9;R-08_9
R-;8;8;R-08_8
R-;8;7;R-08_7
R-;8;6;R-08_6
R-;8;5;R-08_5
R-;8;4;R-08_4
R-;8;3;R-08_3
R-;8;2;R-08_2
R-;8;1;R-08_1
R-;8;0;R-08_0
R-;9;9;R-09_9
R-;9;8;R-09_8
R-;9;7;R-09_7
R-;9;6;R-09_6
R-;9;5;R-09_5
R-;9;4;R-09_4
R-;9;3;R-09_3
R-;9;2;R-09_2
R-;9;1;R-09_1
R-;9;0;R-09_0
R-;10;9;R-10_9
R-;10;8;R-10_8
R-;10;7;R-10_7
R-;10;6;R-10_6
R-;10;5;R-10_5
R-;10;4;R-10_4
R-;10;3;R-10_3
R-;10;2;R-10_2
R-;10;1;R-10_1
R-;10;0;R-10_0
R-;11;9;R-11_9
R-;11;8;R-11_8
R-;11;7;R-11_7
R-;11;6;R-11_6
R-;11;5;R-11_5
R-;11;4;R-11_4
R-;11;3;R-11_3
R-;11;2;R-11_2
R-;11;1;R-11_1
R-;11;0;R-11_0
R-;12;9;R-12_9
R-;12;8;R-12_8
R-;12;7;R-12_7
R-;12;6;R-12_6
R-;12;5;R-12_5
R-;12;4;R-12_4
R-;12;3;R-12_3
R-;12;2;R-12_2
R-;12;1;R-12_1
R-;12;0;R-12_0
R-;13;9;R-13_9
R-;13;8;R-13_8
R-;13;7;R-13_7
R-;13;6;R-13_6
R-;13;5;R-13_5
R-;13;4;R-13_4
R-;13;3;R-13_3
R-;13;2;R-13_2
R-;13;1;R-13_1
R-;13;0;R-13_0
R-;14;9;R-14_9
R-;14;8;R-14_8
R-;14;7;R-14_7
R-;14;6;R-14_6
R-;14;5;R-14_5
R-;14;4;R-14_4
R-;14;3;R-14_3
R-;14;2;R-14_2
R-;14;1;R-14_1
R-;14;0;R-14_0
R-;15;9;R-15_9
R-;15;8;R-15_8
R-;15;7;R-15_7
R-;15;6;R-15_6
R-;15;5;R-15_5
R-;15;4;R-15_4
R-;15;3;R-15_3
R-;15;2;R-15_2
R-;15;1;R-15_1
R-;15;0;R-15_0
R-;16;9;R-16_9
R-;16;8;R-16_8
R-;16;7;R-16_7
R-;16;6;R-16_6
R-;16;5;R-16_5
R-;16;4;R-16_4
R-;16;3;R-16_3
R-;16;2;R-16_2
R-;16;1;R-16_1
R-;16;0;R-16_0
R-;17;9;R-17_9
R-;17;8;R-17_8
R-;17;7;R-17_7
R-;17;6;R-17_6
R-;17;5;R-17_5
R-;17;4;R-17_4
R-;17;3;R-17_3
R-;17;2;R-17_2
R-;17;1;R-17_1
R-;17;0;R-17_0
R-;18;9;R-18_9
R-;18;8;R-18_8
R-;18;7;R-18_7
R-;18;6;R-18_6
R-;18;5;R-18_5
R-;18;4;R-18_4
R-;18;3;R-18_3
R-;18;2;R-18_2
R-;18;1;R-18_1
R-;18;0;R-18_0
R-;19;9;R-19_9
R-;19;8;R-19_8
R-;19;7;R-19_7
R-;19;6;R-19_6
R-;19;5;R-19_5
R-;19;4;R-19_4
R-;19;3;R-19_3
R-;19;2;R-19_2
R-;19;1;R-19_1
R-;19;0;R-19_0
R-;20;9;R-20_9
R-;20;8;R-20_8
R-;20;7;R-20_7
R-;20;6;R-20_6
R-;20;5;R-20_5
R-;20;4;R-20_4
R-;20;3;R-20_3
R-;20;2;R-20_2
R-;20;1;R-20_1
R-;20;0;R-20_0
R-;21;9;R-21_9
R-;21;8;R-21_8
R-;21;7;R-21_7
R-;21;6;R-21_6
R-;21;5;R-21_5
R-;21;4;R-21_4
R-;21;3;R-21_3
R-;21;2;R-21_2
R-;21;1;R-21_1
R-;21;0;R-21_0
R-;22;9;R-22_9
R-;22;8;R-22_8
R-;22;7;R-22_7
R-;22;6;R-22_6
R-;22;5;R-22_5
R-;22;4;R-22_4
R-;22;3;R-22_3
R-;22;2;R-22_2
R-;22;1;R-22_1
R-;22;0;R-22_0
R-;23;9;R-23_9
R-;23;8;R-23_8
R-;23;7;R-23_7
R-;23;6;R-23_6
R-;23;5;R-23_5
R-;23;4;R-23_4
R-;23;3;R-23_3
R-;23;2;R-23_2
R-;23;1;R-23_1
R-;23;0;R-23_0
R-;24;9;R-24_9
R-;24;8;R-24_8
R-;24;7;R-24_7
R-;24;6;R-24_6
R-;24;5;R-24_5
R-;24;4;R-24_4
R-;24;3;R-24_3
R-;24;2;R-24_2
R-;24;1;R-24_1
R-;24;0;R-24_0
R-;25;9;R-25_9
R-;25;8;R-25_8
R-;25;7;R-25_7
R-;25;6;R-25_6
R-;25;5;R-25_5
R-;25;4;R-25_4
R-;25;3;R-25_3
R-;25;2;R-25_2
R-;25;1;R-25_1
R-;25;0;R-25_0
R-;26;9;R-26_9
R-;26;8;R-26_8
R-;26;7;R-26_7
R-;26;6;R-26_6
R-;26;5;R-26_5
R-;26;4;R-26_4
R-;26;3;R-26_3
R-;26;2;R-26_2
R-;26;1;R-26_1
R-;26;0;R-26_0
R-;27;9;R-27_9
R-;27;8;R-27_8
R-;27;7;R-27_7
R-;27;6;R-27_6
R-;27;5;R-27_5
R-;27;4;R-27_4
R-;27;3;R-27_3
R-;27;2;R-27_2
R-;27;1;R-27_1
R-;27;0;R-27_0
R-;28;9;R-28_9
R-;28;8;R-28_8
R-;28;7;R-28_7
R-;28;6;R-28_6
R-;28;5;R-28_5
R-;28;4;R-28_4
R-;28;3;R-28_3
R-;28;2;R-28_2
R-;28;1;R-28_1
R-;28;0;R-28_0
R-;29;9;R-29_9
R-;29;8;R-29_8
R-;29;7;R-29_7
R-;29;6;R-29_6
R-;29;5;R-29_5
R-;29;4;R-29_4
R-;29;3;R-29_3
R-;29;2;R-29_2
R-;29;1;R-29_1
R-;29;0;R-29_0
R-;30;9;R-30_9
R-;30;8;R-30_8
R-;30;7;R-30_7
R-;30;6;R-30_6
R-;30;5;R-30_5
R-;30;4;R-30_4
R-;30;3;R-30_3
R-;30;2;R-30_2
R-;30;1;R-30_1
R-;30;0;R-30_0
R-;31;9;R-31_9
R-;31;8;R-31_8
R-;31;7;R-31_7
R-;31;6;R-31_6
R-;31;5;R-31_5
R-;31;4;R-31_4
R-;31;3;R-31_3
R-;31;2;R-31_2
R-;31;1;R-31_1
R-;31;0;R-31_0
R-;32;9;R-32_9
R-;32;8;R-32_8
R-;32;7;R-32_7
R-;32;6;R-32_6
R-;32;5;R-32_5
R-;32;4;R-32_4
R-;32;3;R-32_3
R-;32;2;R-32_2
R-;32;1;R-32_1
R-;32;0;R-32_0
R-;33;9;R-33_9
R-;33;8;R-33_8
R-;33;7;R-33_7
R-;33;6;R-33_6
R-;33;5;R-33_5
R-;33;4;R-33_4
R-;33;3;R-33_3
R-;33;2;R-33_2
R-;33;1;R-33_1
R-;33;0;R-33_0
R-;34;9;R-34_9
R-;34;8;R-34_8
R-;34;7;R-34_7
R-;34;6;R-34_6
R-;34;5;R-34_5
R-;34;4;R-34_4
R-;34;3;R-34_3
R-;34;2;R-34_2
R-;34;1;R-34_1
R-;34;0;R-34_0
R-;35;9;R-35_9
R-;35;8;R-35_8
R-;35;7;R-35_7
R-;35;6;R-35_6
R-;35;5;R-35_5
R-;35;4;R-35_4
R-;35;3;R-35_3
R-;35;2;R-35_2
R-;35;1;R-35_1
R-;35;0;R-35_0
R-;36;9;R-36_9
R-;36;8;R-36_8
R-;36;7;R-36_7
R-;36;6;R-36_6
R-;36;5;R-36_5
R-;36;4;R-36_4
R-;36;3;R-36_3
R-;36;2;R-36_2
R-;36;1;R-36_1
R-;36;0;R-36_0
R-;37;9;R-37_9
R-;37;8;R-37_8
R-;37;7;R-37_7
R-;37;6;R-37_6
R-;37;5;R-37_5
R-;37;4;R-37_4
R-;37;3;R-37_3
R-;37;2;R-37_2
R-;37;1;R-37_1
R-;37;0;R-37_0
R-;38;9;R-38_9
R-;38;8;R-38_8
R-;38;7;R-38_7
R-;38;6;R-38_6
R-;38;5;R-38_5
R-;38;4;R-38_4
R-;38;3;R-38_3
R-;38;2;R-38_2
R-;38;1;R-38_1
R-;38;0;R-38_0
R-;39;9;R-39_9
R-;39;8;R-39_8
R-;39;7;R-39_7
R-;39;6;R-39_6
R-;39;5;R-39_5
R-;39;4;R-39_4
R-;39;3;R-39_3
R-;39;2;R-39_2
R-;39;1;R-39_1
R-;39;0;R-39_0
R-;40;9;R-40_9
R-;40;8;R-40_8
R-;40;7;R-40_7
R-;40;6;R-40_6
R-;40;5;R-40_5
R-;40;4;R-40_4
R-;40;3;R-40_3
R-;40;2;R-40_2
R-;40;1;R-40_1
R-;40;0;R-40_0
R-;41;9;R-41_9
R-;41;8;R-41_8
R-;41;7;R-41_7
R-;41;6;R-41_6
R-;41;5;R-41_5
R-;41;4;R-41_4
R-;41;3;R-41_3
R-;41;2;R-41_2
R-;41;1;R-41_1
R-;41;0;R-41_0
R-;42;9;R-42_9
R-;42;8;R-42_8
R-;42;7;R-42_7
R-;42;6;R-42_6
R-;42;5;R-42_5
R-;42;4;R-42_4
R-;42;3;R-42_3
R-;42;2;R-42_2
R-;42;1;R-42_1
R-;42;0;R-42_0
R-;43;9;R-43_9
R-;43;8;R-43_8
R-;43;7;R-43_7
R-;43;6;R-43_6
R-;43;5;R-43_5
R-;43;4;R-43_4
R-;43;3;R-43_3
R-;43;2;R-43_2
R-;43;1;R-43_1
R-;43;0;R-43_0
R-;44;9;R-44_9
R-;44;8;R-44_8
R-;44;7;R-44_7
R-;44;6;R-44_6
R-;44;5;R-44_5
R-;44;4;R-44_4
R-;44;3;R-44_3
R-;44;2;R-44_2
R-;44;1;R-44_1
R-;44;0;R-44_0
R-;45;9;R-45_9
R-;45;8;R-45_8
R-;45;7;R-45_7
R-;45;6;R-45_6
R-;45;5;R-45_5
R-;45;4;R-45_4
R-;45;3;R-45_3
R-;45;2;R-45_2
R-;45;1;R-45_1
R-;45;0;R-45_0
R-;46;9;R-46_9
R-;46;8;R-46_8
R-;46;7;R-46_7
R-;46;6;R-46_6
R-;46;5;R-46_5
R-;46;4;R-46_4
R-;46;3;R-46_3
R-;46;2;R-46_2
R-;46;1;R-46_1
R-;46;0;R-46_0
R-;47;9;R-47_9
R-;47;8;R-47_8
R-;47;7;R-47_7
R-;47;6;R-47_6
R-;47;5;R-47_5
R-;47;4;R-47_4
R-;47;3;R-47_3
R-;47;2;R-47_2
R-;47;1;R-47_1
R-;47;0;R-47_0
R-;48;9;R-48_9
R-;48;8;R-48_8
R-;48;7;R-48_7
R-;48;6;R-48_6
R-;48;5;R-48_5
R-;48;4;R-48_4
R-;48;3;R-48_3
R-;48;2;R-48_2
R-;48;1;R-48_1
R-;48;0;R-48_0
R-;49;9;R-49_9
R-;49;8;R-49_8
R-;49;7;R-49_7
R-;49;6;R-49_6
R-;49;5;R-49_5
R-;49;4;R-49_4
R-;49;3;R-49_3
R-;49;2;R-49_2
R-;49;1;R-49_1
R-;49;0;R-49_0
R-;50;9;R-50_9
R-;50;8;R-50_8
R-;50;7;R-50_7
R-;50;6;R-50_6
R-;50;5;R-50_5
R-;50;4;R-50_4
R-;50;3;R-50_3
R-;50;2;R-50_2
R-;50;1;R-50_1
R-;50;0;R-50_0
R-;51;9;R-51_9
R-;51;8;R-51_8
R-;51;7;R-51_7
R-;51;6;R-51_6
R-;51;5;R-51_5
R-;51;4;R-51_4
R-;51;3;R-51_3
R-;51;2;R-51_2
R-;51;1;R-51_1
R-;51;0;R-51_0
R-;52;9;R-52_9
R-;52;8;R-52_8
R-;52;7;R-52_7
R-;52;6;R-52_6
R-;52;5;R-52_5
R-;52;4;R-52_4
R-;52;3;R-52_3
R-;52;2;R-52_2
R-;52;1;R-52_1
R-;52;0;R-52_0
R-;53;9;R-53_9
R-;53;8;R-53_8
R-;53;7;R-53_7
R-;53;6;R-53_6
R-;53;5;R-53_5
R-;53;4;R-53_4
R-;53;3;R-53_3
R-;53;2;R-53_2
R-;53;1;R-53_1
R-;53;0;R-53_0
R-;54;9;R-54_9
R-;54;8;R-54_8
R-;54;7;R-54_7
R-;54;6;R-54_6
R-;54;5;R-54_5
R-;54;4;R-54_4
R-;54;3;R-54_3
R-;54;2;R-54_2
R-;54;1;R-54_1
R-;54;0;R-54_0
R-;55;9;R-55_9
R-;55;8;R-55_8
R-;55;7;R-55_7
R-;55;6;R-55_6
R-;55;5;R-55_5
R-;55;4;R-55_4
R-;55;3;R-55_3
R-;55;2;R-55_2
R-;55;1;R-55_1
R-;55;0;R-55_0
R-;56;9;R-56_9
R-;56;8;R-56_8
R-;56;7;R-56_7
R-;56;6;R-56_6
R-;56;5;R-56_5
R-;56;4;R-56_4
R-;56;3;R-56_3
R-;56;2;R-56_2
R-;56;1;R-56_1
R-;56;0;R-56_0
R-;57;9;R-57_9
R-;57;8;R-57_8
R-;57;7;R-57_7
R-;57;6;R-57_6
R-;57;5;R-57_5
R-;57;4;R-57_4
R-;57;3;R-57_3
R-;57;2;R-57_2
R-;57;1;R-57_1
R-;57;0;R-57_0
R-;58;9;R-58_9
R-;58;8;R-58_8
R-;58;7;R-58_7
R-;58;6;R-58_6
R-;58;5;R-58_5
R-;58;4;R-58_4
R-;58;3;R-58_3
R-;58;2;R-58_2
R-;58;1;R-58_1
R-;58;0;R-58_0
R-;59;9;R-59_9
R-;59;8;R-59_8
R-;59;7;R-59_7
R-;59;6;R-59_6
R-;59;5;R-59_5
R-;59;4;R-59_4
R-;59;3;R-59_3
R-;59;2;R-59_2
R-;59;1;R-59_1
R-;59;0;R-59_0
R-;60;9;R-60_9
R-;60;8;R-60_8
R-;60;7;R-60_7
R-;60;6;R-60_6
R-;60;5;R-60_5
R-;60;4;R-60_4
R-;60;3;R-60_3
R-;60;2;R-60_2
R-;60;1;R-60_1
R-;60;0;R-60_0
R-;61;9;R-61_9
R-;61;8;R-61_8
R-;61;7;R-61_7
R-;61;6;R-61_6
R-;61;5;R-61_5
R-;61;4;R-61_4
R-;61;3;R-61_3
R-;61;2;R-61_2
R-;61;1;R-61_1
R-;61;0;R-61_0
R-;62;9;R-62_9
R-;62;8;R-62_8
R-;62;7;R-62_7
R-;62;6;R-62_6
R-;62;5;R-62_5
R-;62;4;R-62_4
R-;62;3;R-62_3
R-;62;2;R-62_2
R-;62;1;R-62_1
R-;62;0;R-62_0
R-;63;9;R-63_9
R-;63;8;R-63_8
R-;63;7;R-63_7
R-;63;6;R-63_6
R-;63;5;R-63_5
R-;63;4;R-63_4
R-;63;3;R-63_3
R-;63;2;R-63_2
R-;63;1;R-63_1
R-;63;0;R-63_0
R-;64;9;R-64_9
R-;64;8;R-64_8
R-;64;7;R-64_7
R-;64;6;R-64_6
R-;64;5;R-64_5
R-;64;4;R-64_4
R-;64;3;R-64_3
R-;64;2;R-64_2
R-;64;1;R-64_1
R-;64;0;R-64_0
R-;65;9;R-65_9
R-;65;8;R-65_8
R-;65;7;R-65_7
R-;65;6;R-65_6
R-;65;5;R-65_5
R-;65;4;R-65_4
R-;65;3;R-65_3
R-;65;2;R-65_2
R-;65;1;R-65_1
R-;65;0;R-65_0
R-;66;9;R-66_9
R-;66;8;R-66_8
R-;66;7;R-66_7
R-;66;6;R-66_6
R-;66;5;R-66_5
R-;66;4;R-66_4
R-;66;3;R-66_3
R-;66;2;R-66_2
R-;66;1;R-66_1
R-;66;0;R-66_0
R-;67;9;R-67_9
R-;67;8;R-67_8
R-;67;7;R-67_7
R-;67;6;R-67_6
R-;67;5;R-67_5
R-;67;4;R-67_4
R-;67;3;R-67_3
R-;67;2;R-67_2
R-;67;1;R-67_1
R-;67;0;R-67_0
R-;68;9;R-68_9
R-;68;8;R-68_8
R-;68;7;R-68_7
R-;68;6;R-68_6
R-;68;5;R-68_5
R-;68;4;R-68_4
R-;68;3;R-68_3
R-;68;2;R-68_2
R-;68;1;R-68_1
R-;68;0;R-68_0
R-;69;9;R-69_9
R-;69;8;R-69_8
R-;69;7;R-69_7
R-;69;6;R-69_6
R-;69;5;R-69_5
R-;69;4;R-69_4
R-;69;3;R-69_3
R-;69;2;R-69_2
R-;69;1;R-69_1
R-;69;0;R-69_0
R-;70;9;R-70_9
R-;70;8;R-70_8
R-;70;7;R-70_7
R-;70;6;R-70_6
R-;70;5;R-70_5
R-;70;4;R-70_4
R-;70;3;R-70_3
R-;70;2;R-70_2
R-;70;1;R-70_1
R-;70;0;R-70_0
R-;71;9;R-71_9
R-;71;8;R-71_8
R-;71;7;R-71_7
R-;71;6;R-71_6
R-;71;5;R-71_5
R-;71;4;R-71_4
R-;71;3;R-71_3
R-;71;2;R-71_2
R-;71;1;R-71_1
R-;71;0;R-71_0
R-;72;9;R-72_9
R-;72;8;R-72_8
R-;72;7;R-72_7
R-;72;6;R-72_6
R-;72;5;R-72_5
R-;72;4;R-72_4
R-;72;3;R-72_3
R-;72;2;R-72_2
R-;72;1;R-72_1
R-;72;0;R-72_0
R-;73;9;R-73_9
R-;73;8;R-73_8
R-;73;7;R-73_7
R-;73;6;R-73_6
R-;73;5;R-73_5
R-;73;4;R-73_4
R-;73;3;R-73_3
R-;73;2;R-73_2
R-;73;1;R-73_1
R-;73;0;R-73_0
R-;74;9;R-74_9
R-;74;8;R-74_8
R-;74;7;R-74_7
R-;74;6;R-74_6
R-;74;5;R-74_5
R-;74;4;R-74_4
R-;74;3;R-74_3
R-;74;2;R-74_2
R-;74;1;R-74_1
R-;74;0;R-74_0
R-;75;9;R-75_9
R-;75;8;R-75_8
R-;75;7;R-75_7
R-;75;6;R-75_6
R-;75;5;R-75_5
R-;75;4;R-75_4
R-;75;3;R-75_3
R-;75;2;R-75_2
R-;75;1;R-75_1
R-;75;0;R-75_0
R-;76;9;R-76_9
R-;76;8;R-76_8
R-;76;7;R-76_7
R-;76;6;R-76_6
R-;76;5;R-76_5
R-;76;4;R-76_4
R-;76;3;R-76_3
R-;76;2;R-76_2
R-;76;1;R-76_1
R-;76;0;R-76_0
R-;77;9;R-77_9
R-;77;8;R-77_8
R-;77;7;R-77_7
R-;77;6;R-77_6
R-;77;5;R-77_5
R-;77;4;R-77_4
R-;77;3;R-77_3
R-;77;2;R-77_2
R-;77;1;R-77_1
R-;77;0;R-77_0
R-;78;9;R-78_9
R-;78;8;R-78_8
R-;78;7;R-78_7
R-;78;6;R-78_6
R-;78;5;R-78_5
R-;78;4;R-78_4
R-;78;3;R-78_3
R-;78;2;R-78_2
R-;78;1;R-78_1
R-;78;0;R-78_0
R-;79;9;R-79_9
R-;79;8;R-79_8
R-;79;7;R-79_7
R-;79;6;R-79_6
R-;79;5;R-79_5
R-;79;4;R-79_4
R-;79;3;R-79_3
R-;79;2;R-79_2
R-;79;1;R-79_1
R-;79;0;R-79_0
R-;80;9;R-80_9
R-;80;8;R-80_8
R-;80;7;R-80_7
R-;80;6;R-80_6
R-;80;5;R-80_5
R-;80;4;R-80_4
R-;80;3;R-80_3
R-;80;2;R-80_2
R-;80;1;R-80_1
R-;80;0;R-80_0
R-;81;9;R-81_9
R-;81;8;R-81_8
R-;81;7;R-81_7
R-;81;6;R-81_6
R-;81;5;R-81_5
R-;81;4;R-81_4
R-;81;3;R-81_3
R-;81;2;R-81_2
R-;81;1;R-81_1
R-;81;0;R-81_0
R-;82;9;R-82_9
R-;82;8;R-82_8
R-;82;7;R-82_7
R-;82;6;R-82_6
R-;82;5;R-82_5
R-;82;4;R-82_4
R-;82;3;R-82_3
R-;82;2;R-82_2
R-;82;1;R-82_1
R-;82;0;R-82_0
R-;83;9;R-83_9
R-;83;8;R-83_8
R-;83;7;R-83_7
R-;83;6;R-83_6
R-;83;5;R-83_5
R-;83;4;R-83_4
R-;83;3;R-83_3
R-;83;2;R-83_2
R-;83;1;R-83_1
R-;83;0;R-83_0
R-;84;9;R-84_9
R-;84;8;R-84_8
R-;84;7;R-84_7
R-;84;6;R-84_6
R-;84;5;R-84_5
R-;84;4;R-84_4
R-;84;3;R-84_3
R-;84;2;R-84_2
R-;84;1;R-84_1
R-;84;0;R-84_0
R-;85;9;R-85_9
R-;85;8;R-85_8
R-;85;7;R-85_7
R-;85;6;R-85_6
R-;85;5;R-85_5
R-;85;4;R-85_4
R-;85;3;R-85_3
R-;85;2;R-85_2
R-;85;1;R-85_1
R-;85;0;R-85_0
R-;86;9;R-86_9
R-;86;8;R-86_8
R-;86;7;R-86_7
R-;86;6;R-86_6
R-;86;5;R-86_5
R-;86;4;R-86_4
R-;86;3;R-86_3
R-;86;2;R-86_2
R-;86;1;R-86_1
R-;86;0;R-86_0
R-;87;9;R-87_9
R-;87;8;R-87_8
R-;87;7;R-87_7
R-;87;6;R-87_6
R-;87;5;R-87_5
R-;87;4;R-87_4
R-;87;3;R-87_3
R-;87;2;R-87_2
R-;87;1;R-87_1
R-;87;0;R-87_0
R-;88;9;R-88_9
R-;88;8;R-88_8
R-;88;7;R-88_7
R-;88;6;R-88_6
R-;88;5;R-88_5
R-;88;4;R-88_4
R-;88;3;R-88_3
R-;88;2;R-88_2
R-;88;1;R-88_1
R-;88;0;R-88_0
R-;89;9;R-89_9
R-;89;8;R-89_8
R-;89;7;R-89_7
R-;89;6;R-89_6
R-;89;5;R-89_5
R-;89;4;R-89_4
R-;89;3;R-89_3
R-;89;2;R-89_2
R-;89;1;R-89_1
R-;89;0;R-89_0
R-;90;9;R-90_9
R-;90;8;R-90_8
R-;90;7;R-90_7
R-;90;6;R-90_6
R-;90;5;R-90_5
R-;90;4;R-90_4
R-;90;3;R-90_3
R-;90;2;R-90_2
R-;90;1;R-90_1
R-;90;0;R-90_0
R-;91;9;R-91_9
R-;91;8;R-91_8
R-;91;7;R-91_7
R-;91;6;R-91_6
R-;91;5;R-91_5
R-;91;4;R-91_4
R-;91;3;R-91_3
R-;91;2;R-91_2
R-;91;1;R-91_1
R-;91;0;R-91_0
R-;92;9;R-92_9
R-;92;8;R-92_8
R-;92;7;R-92_7
R-;92;6;R-92_6
R-;92;5;R-92_5
R-;92;4;R-92_4
R-;92;3;R-92_3
R-;92;2;R-92_2
R-;92;1;R-92_1
R-;92;0;R-92_0
R-;93;9;R-93_9
R-;93;8;R-93_8
R-;93;7;R-93_7
R-;93;6;R-93_6
R-;93;5;R-93_5
R-;93;4;R-93_4
R-;93;3;R-93_3
R-;93;2;R-93_2
R-;93;1;R-93_1
R-;93;0;R-93_0
R-;94;9;R-94_9
R-;94;8;R-94_8
R-;94;7;R-94_7
R-;94;6;R-94_6
R-;94;5;R-94_5
R-;94;4;R-94_4
R-;94;3;R-94_3
R-;94;2;R-94_2
R-;94;1;R-94_1
R-;94;0;R-94_0
R-;95;9;R-95_9
R-;95;8;R-95_8
R-;95;7;R-95_7
R-;95;6;R-95_6
R-;95;5;R-95_5
R-;95;4;R-95_4
R-;95;3;R-95_3
R-;95;2;R-95_2
R-;95;1;R-95_1
R-;95;0;R-95_0
R-;96;9;R-96_9
R-;96;8;R-96_8
R-;96;7;R-96_7
R-;96;6;R-96_6
R-;96;5;R-96_5
R-;96;4;R-96_4
R-;96;3;R-96_3
R-;96;2;R-96_2
R-;96;1;R-96_1
R-;96;0;R-96_0
R-;97;9;R-97_9
R-;97;8;R-97_8
R-;97;7;R-97_7
R-;97;6;R-97_6
R-;97;5;R-97_5
R-;97;4;R-97_4
R-;97;3;R-97_3
R-;97;2;R-97_2
R-;97;1;R-97_1
R-;97;0;R-97_0
R-;98;9;R-98_9
R-;98;8;R-98_8
R-;98;7;R-98_7
R-;98;6;R-98_6
R-;98;5;R-98_5
R-;98;4;R-98_4
R-;98;3;R-98_3
R-;98;2;R-98_2
R-;98;1;R-98_1
R-;98;0;R-98_0
R-;99;9;R-99_9
R-;99;8;R-99_8
R-;99;7;R-99_7
R-;99;6;R-99_6
R-;99;5;R-99_5
R-;99;4;R-99_4
R-;99;3;R-99_3
R-;99;2;R-99_2
R-;99;1;R-99_1
R-;99;0;R-99_0
F-;1;0;F-01_0
F-;2;0;F-02_0
F-;3;0;F-03_0
F-;4;0;F-04_0
F-;5;0;F-05_0
F-;6;0;F-06_0
F-;7;0;F-07_0
F-;8;0;F-08_0
F-;9;0;F-09_0
F-;10;0;F-10_0
F-;11;0;F-11_0
F-;12;0;F-12_0
F-;13;0;F-13_0
F-;14;0;F-14_0
F-;15;0;F-15_0
F-;16;0;F-16_0
F-;17;0;F-17_0
F-;18;0;F-18_0
F-;19;0;F-19_0
F-;20;0;F-20_0
F-;21;0;F-21_0
F-;22;0;F-22_0
F-;23;0;F-23_0
F-;24;0;F-24_0
F-;25;0;F-25_0
F-;26;0;F-26_0
F-;27;0;F-27_0
F-;28;0;F-28_0
F-;29;0;F-29_0
F-;30;0;F-30_0
F-;31;0;F-31_0
F-;32;0;F-32_0
F-;33;0;F-33_0
F-;34;0;F-34_0
F-;35;0;F-35_0
F-;36;0;F-36_0
F-;37;0;F-37_0
F-;38;0;F-38_0
F-;39;0;F-39_0
F-;40;0;F-40_0
F-;41;0;F-41_0
F-;42;0;F-42_0
F-;43;0;F-43_0
F-;44;0;F-44_0
F-;45;0;F-45_0
F-;46;0;F-46_0
F-;47;0;F-47_0
F-;48;0;F-48_0
F-;49;0;F-49_0
F-;50;0;F-50_0
F-;51;0;F-51_0
F-;52;0;F-52_0
F-;53;0;F-53_0
F-;54;0;F-54_0
F-;55;0;F-55_0
F-;56;0;F-56_0
F-;57;0;F-57_0
F-;58;0;F-58_0
F-;59;0;F-59_0
F-;60;0;F-60_0
F-;61;0;F-61_0
F-;62;0;F-62_0
F-;63;0;F-63_0
F-;64;0;F-64_0
F-;65;0;F-65_0
F-;66;0;F-66_0
F-;67;0;F-67_0
F-;68;0;F-68_0
F-;69;0;F-69_0
F-;70;0;F-70_0
F-;71;0;F-71_0
F-;72;0;F-72_0
F-;73;0;F-73_0
F-;74;0;F-74_0
F-;75;0;F-75_0
F-;76;0;F-76_0
F-;77;0;F-77_0
F-;78;0;F-78_0
F-;79;0;F-79_0
F-;80;0;F-80_0
F-;81;0;F-81_0
F-;82;0;F-82_0
F-;83;0;F-83_0
F-;84;0;F-84_0
F-;85;0;F-85_0
F-;86;0;F-86_0
F-;87;0;F-87_0
F-;88;0;F-88_0
F-;89;0;F-89_0
F-;90;0;F-90_0
F-;91;0;F-91_0
F-;92;0;F-92_0
F-;93;0;F-93_0
F-;94;0;F-94_0
F-;95;0;F-95_0
F-;96;0;F-96_0
F-;97;0;F-97_0
F-;98;0;F-98_0
F-;99;0;F-99_0
F-;0;0;F-00_0
